{
  "version": 1,
  "author": "Aek tlx",
  "editor": "wokwi",
  "parts": [
    { "type": "wokwi-esp32-devkit-v1", "id": "esp", "top": -73.39, "left": -348.41, "attrs": {} },
    {
      "type": "wokwi-led",
      "id": "led1",
      "top": -63.27,
      "left": -93.77,
      "attrs": { "color": "red" }
    },
    {
      "type": "wokwi-resistor",
      "id": "r1",
      "top": 58.76,
      "left": -149.94,
      "attrs": { "value": "220000" }
    },
    {
      "type": "wokwi-led",
      "id": "led2",
      "top": -39.2,
      "left": -23.69,
      "attrs": { "color": "yellow" }
    },
    {
      "type": "wokwi-resistor",
      "id": "r2",
      "top": 77.55,
      "left": -74.86,
      "attrs": { "value": "1000" }
    },
    {
      "type": "wokwi-led",
      "id": "led3",
      "top": 4.73,
      "left": 56.25,
      "attrs": { "color": "limegreen" }
    },
    {
      "type": "wokwi-resistor",
      "id": "r3",
      "top": 100.67,
      "left": -9.01,
      "attrs": { "value": "1000" }
    }
  ],
  "connections": [
    [ "esp:TX0", "$serialMonitor:RX", "", [] ],
    [ "esp:RX0", "$serialMonitor:TX", "", [] ],
    [ "led3:A", "r3:2", "red", [ "v0" ] ],
    [ "led1:C", "esp:GND.1", "green", [ "v0" ] ],
    [ "led2:C", "esp:GND.1", "green", [ "v0" ] ],
    [ "led3:C", "esp:GND.1", "green", [ "v0" ] ],
    [ "led1:A", "r1:2", "magenta", [ "v0" ] ],
    [ "r1:1", "esp:D2", "magenta", [ "v0" ] ],
    [ "led2:A", "r2:2", "cyan", [ "v0" ] ],
    [ "r2:1", "esp:D4", "cyan", [ "v0" ] ],
    [ "r3:1", "esp:D5", "red", [ "v-86.96", "h-238.47" ] ]
  ],
  "dependencies": {}
}